,category,over_represented_pvalue,under_represented_pvalue,numDEInCat,numInCat,qval_over_represented,qval_under_represented
728,GO_COTRANSLATIONAL_PROTEIN_TARGETING_TO_MEMBRANE,1.62326589529918e-05,0.999998937024258,6,98,0.0495783866460758,0.999998937024258
1053,GO_ESTABLISHMENT_OF_PROTEIN_LOCALIZATION_TO_ENDOPLASMIC_RETICULUM,2.79514864555514e-05,0.999997973865791,6,110,0.0495783866460758,0.999998937024258
2629,GO_NUCLEAR_TRANSCRIBED_MRNA_CATABOLIC_PROCESS_NONSENSE_MEDIATED_DECAY,3.70954230019354e-05,0.999997163110292,6,119,0.0495783866460758,0.999998937024258
3211,GO_POSITIVE_REGULATION_OF_LIPID_TRANSPORT,4.50917568404509e-05,0.999998485294357,4,43,0.0495783866460758,0.999998937024258
3654,GO_PROTEIN_LOCALIZATION_TO_ENDOPLASMIC_RETICULUM,6.96788407606816e-05,0.999994003911428,6,134,0.0612895083330955,0.999998937024258
